Geometric height,Geopotential height,temperature,pressure,density
0,0,288.16,101325,1.225
100,99.9984,287.51,100129,1.21328
200,199.994,286.86,98945.5,1.20165
300,299.986,286.21,97772.9,1.19011
400,399.975,285.56,96611.6,1.17865
500,499.961,284.91,95461.5,1.16728
600,599.943,284.26,94322.6,1.15599
700,699.923,283.61,93194.7,1.14478
800,799.9,282.961,92077.8,1.13366
900,899.873,282.311,90971.8,1.12262
1000,999.843,281.661,89876.7,1.11166
1100,1099.81,281.011,88792.2,1.10079
1200,1199.77,280.361,87718.4,1.09
1300,1299.73,279.712,86655.2,1.07929
1400,1399.69,279.062,85602.5,1.06866
1500,1499.65,278.412,84560.2,1.05811
1600,1599.6,277.763,83528.2,1.04764
1700,1699.55,277.113,82506.5,1.03725
1800,1799.49,276.463,81495,1.02694
1900,1899.43,275.814,80493.5,1.01671
2000,1999.37,275.164,79502.1,1.00656
2100,2099.31,274.514,78520.6,0.996487
2200,2199.24,273.865,77549,0.98649
2300,2299.17,273.215,76587.1,0.976571
2400,2399.1,272.566,75635,0.966729
2500,2499.02,271.916,74692.5,0.956963
2600,2598.94,271.267,73759.6,0.947273
2700,2698.86,270.617,72836.2,0.937658
2800,2798.77,269.968,71922.2,0.928119
2900,2898.68,269.319,71017.5,0.918654
3000,2998.59,268.669,70122.1,0.909264
3100,3098.49,268.02,69235.8,0.899947
3200,3198.39,267.37,68358.7,0.890705
3300,3298.29,266.721,67490.7,0.881535
3400,3398.19,266.072,66631.6,0.872438
3500,3498.08,265.422,65781.4,0.863413
3600,3597.97,264.773,64940,0.85446
3700,3697.85,264.124,64107.4,0.845578
3800,3797.73,263.475,63283.5,0.836768
3900,3897.61,262.826,62468.2,0.828028
4000,3997.49,262.176,61661.5,0.819358
4100,4097.36,261.527,60863.3,0.810759
4200,4197.23,260.878,60073.4,0.802228
4300,4297.1,260.229,59291.9,0.793767
4400,4396.96,259.58,58518.7,0.785375
4500,4496.82,258.931,57753.7,0.777051
4600,4596.68,258.282,56996.8,0.768795
4700,4696.54,257.633,56248,0.760606
4800,4796.39,256.983,55507.3,0.752485
4900,4896.23,256.334,54774.4,0.74443
5000,4996.08,255.685,54049.5,0.736442
5100,5095.92,255.037,53332.3,0.72852
5200,5195.76,254.388,52622.9,0.720663
5300,5295.59,253.739,51921.2,0.712871
5400,5395.43,253.09,51227.1,0.705145
5500,5495.26,252.441,50540.5,0.697483
5600,5595.08,251.792,49861.5,0.689885
5700,5694.9,251.143,49189.8,0.68235
5800,5794.72,250.494,48525.6,0.674879
5900,5894.54,249.845,47868.6,0.667471
6000,5994.35,249.197,47218.9,0.660126
6100,6094.17,248.548,46576.4,0.652843
6200,6193.97,247.899,45940.9,0.645621
6300,6293.78,247.25,45312.6,0.638462
6400,6393.58,246.602,44691.2,0.631363
6500,6493.38,245.953,44076.8,0.624325
6600,6593.17,245.304,43469.2,0.617347
6700,6692.96,244.656,42868.5,0.61043
6800,6792.75,244.007,42274.5,0.603572
6900,6892.54,243.359,41687.2,0.596773
7000,6992.32,242.71,41106.6,0.590034
7100,7092.1,242.061,40532.5,0.583353
7200,7191.87,241.413,39965,0.57673
7300,7291.65,240.764,39403.9,0.570165
7400,7391.41,240.116,38849.3,0.563658
7500,7491.18,239.467,38301,0.557208
7600,7590.94,238.819,37759,0.550814
7700,7690.71,238.17,37223.3,0.544477
7800,7790.46,237.522,36693.7,0.538197
7900,7890.22,236.874,36170.3,0.531972
8000,7989.97,236.225,35652.9,0.525802
8100,8089.71,235.577,35141.6,0.519687
8200,8189.46,234.929,34636.3,0.513628
8300,8289.2,234.28,34136.8,0.507622
8400,8388.94,233.632,33643.3,0.501671
8500,8488.67,232.984,33155.5,0.495773
8600,8588.41,232.335,32673.5,0.489929
8700,8688.14,231.687,32197.2,0.484138
8800,8787.86,231.039,31726.5,0.478399
8900,8887.58,230.391,31261.5,0.472713
9000,8987.3,229.743,30802,0.467079
9100,9087.02,229.094,30348,0.461497
9200,9186.73,228.446,29899.4,0.455966
9300,9286.44,227.798,29456.3,0.450486
9400,9386.15,227.15,29018.5,0.445056
9500,9485.86,226.502,28586,0.439677
9600,9585.56,225.854,28158.7,0.434348
9700,9685.25,225.206,27736.6,0.429069
9800,9784.95,224.558,27319.7,0.423839
9900,9884.64,223.91,26907.9,0.418659
10000,9984.33,223.262,26501.2,0.413527
10100,10084,222.614,26099.4,0.408443
10200,10183.7,221.966,25702.6,0.403407
10300,10283.4,221.318,25310.7,0.39842
10400,10383.1,220.67,24923.7,0.39348
10500,10482.7,220.022,24541.5,0.388586
10600,10582.4,219.374,24164.1,0.38374
10700,10682.1,218.727,23791.4,0.378941
10800,10781.7,218.079,23423.4,0.374187
10900,10881.4,217.431,23060,0.369479
11000,10981,216.783,22701.2,0.364817
11100,11080.7,216.66,22347.2,0.359336
11200,11180.3,216.66,21998.8,0.353733
11300,11280,216.66,21655.9,0.348219
11400,11379.6,216.66,21318.3,0.34279
11500,11479.3,216.66,20986,0.337447
11600,11578.9,216.66,20658.8,0.332186
11700,11678.6,216.66,20336.8,0.327008
11800,11778.2,216.66,20019.8,0.321911
11900,11877.8,216.66,19707.7,0.316894
12000,11977.4,216.66,19400.6,0.311954
12100,12077.1,216.66,19098.2,0.307092
12200,12176.7,216.66,18800.5,0.302306
12300,12276.3,216.66,18507.5,0.297595
12400,12375.9,216.66,18219.1,0.292957
12500,12475.5,216.66,17935.2,0.288391
12600,12575.1,216.66,17655.7,0.283897
12700,12674.7,216.66,17380.6,0.279473
12800,12774.3,216.66,17109.7,0.275118
12900,12873.9,216.66,16843.1,0.270831
13000,12973.5,216.66,16580.7,0.266612
13100,13073.1,216.66,16322.3,0.262457
13200,13172.7,216.66,16068,0.258368
13300,13272.3,216.66,15817.7,0.254343
13400,13371.9,216.66,15571.3,0.25038
13500,13471.5,216.66,15328.7,0.24648
13600,13571,216.66,15089.9,0.24264
13700,13670.6,216.66,14854.8,0.23886
13800,13770.2,216.66,14623.4,0.235139
13900,13869.7,216.66,14395.6,0.231476
14000,13969.3,216.66,14171.4,0.227871
14100,14068.9,216.66,13950.6,0.224321
14200,14168.4,216.66,13733.3,0.220827
14300,14268,216.66,13519.4,0.217388
14400,14367.5,216.66,13308.9,0.214002
14500,14467.1,216.66,13101.6,0.210669
14600,14566.6,216.66,12897.6,0.207388
14700,14666.2,216.66,12696.7,0.204158
14800,14765.7,216.66,12499,0.200979
14900,14865.2,216.66,12304.3,0.197849
15000,14964.8,216.66,12112.7,0.194769
15100,15064.3,216.66,11924.1,0.191736
15200,15163.8,216.66,11738.5,0.18875
15300,15263.3,216.66,11555.7,0.185811
15400,15362.9,216.66,11375.8,0.182918
15500,15462.4,216.66,11198.6,0.18007
15600,15561.9,216.66,11024.3,0.177267
15700,15661.4,216.66,10852.7,0.174507
15800,15760.9,216.66,10683.7,0.17179
15900,15860.4,216.66,10517.4,0.169116
16000,15959.9,216.66,10353.7,0.166483
16100,16059.4,216.66,10192.5,0.163892
16200,16158.9,216.66,10033.8,0.161341
16300,16258.4,216.66,9877.66,0.158829
16400,16357.9,216.66,9723.91,0.156357
16500,16457.4,216.66,9572.56,0.153923
16600,16556.9,216.66,9423.57,0.151528
16700,16656.3,216.66,9276.91,0.149169
16800,16755.8,216.66,9132.53,0.146848
16900,16855.3,216.66,8990.4,0.144563
17000,16954.8,216.66,8850.49,0.142313
17100,17054.2,216.66,8712.77,0.140098
17200,17153.7,216.66,8577.18,0.137918
17300,17253.2,216.66,8443.72,0.135772
17400,17352.6,216.66,8312.33,0.133659
17500,17452.1,216.66,8182.99,0.13158
17600,17551.5,216.66,8055.67,0.129532
17700,17651,216.66,7930.33,0.127517
17800,17750.4,216.66,7806.95,0.125533
17900,17849.8,216.66,7685.49,0.12358
18000,17949.3,216.66,7565.93,0.121657
18100,18048.7,216.66,7448.22,0.119765
18200,18148.2,216.66,7332.36,0.117902
18300,18247.6,216.66,7218.3,0.116068
18400,18347,216.66,7106.01,0.114262
18500,18446.4,216.66,6995.48,0.112485
18600,18545.9,216.66,6886.67,0.110735
18700,18645.3,216.66,6779.55,0.109013
18800,18744.7,216.66,6674.11,0.107317
18900,18844.1,216.66,6570.3,0.105648
19000,18943.5,216.66,6468.12,0.104005
19100,19042.9,216.66,6367.53,0.102388
19200,19142.3,216.66,6268.5,0.100795
19300,19241.7,216.66,6171.02,0.0992278
19400,19341.1,216.66,6075.06,0.0976848
19500,19440.5,216.66,5980.59,0.0961657
19600,19539.9,216.66,5887.59,0.0946704
19700,19639.3,216.66,5796.05,0.0931984
19800,19738.7,216.66,5705.93,0.0917492
19900,19838,216.66,5617.21,0.0903227
20000,19937.4,216.66,5529.87,0.0889184
20100,20036.8,216.66,5443.9,0.087536
20200,20136.2,216.66,5359.27,0.0861751
20300,20235.5,216.66,5275.95,0.0848354
20400,20334.9,216.66,5193.93,0.0835165
20500,20434.2,216.66,5113.19,0.0822183
20600,20533.6,216.66,5033.71,0.0809402
20700,20633,216.66,4955.46,0.079682
20800,20732.3,216.66,4878.43,0.0784435
20900,20831.7,216.66,4802.61,0.0772242
21000,20931,216.66,4727.96,0.0760239
21100,21030.3,216.66,4654.48,0.0748423
21200,21129.7,216.66,4582.14,0.0736791
21300,21229,216.66,4510.92,0.072534
21400,21328.4,216.66,4440.82,0.0714068
21500,21427.7,216.66,4371.81,0.0702971
21600,21527,216.66,4303.87,0.0692047
21700,21626.3,216.66,4236.99,0.0681293
21800,21725.7,216.66,4171.15,0.0670706
21900,21825,216.66,4106.34,0.0660284
22000,21924.3,216.66,4042.53,0.0650025
22100,22023.6,216.66,3979.72,0.0639925
22200,22122.9,216.66,3917.89,0.0629983
22300,22222.2,216.66,3857.02,0.0620195
22400,22321.5,216.66,3797.09,0.0610559
22500,22420.8,216.66,3738.1,0.0601074
22600,22520.1,216.66,3680.03,0.0591736
22700,22619.4,216.66,3622.86,0.0582544
22800,22718.7,216.66,3566.59,0.0573494
22900,22818,216.66,3511.18,0.0564586
23000,22917.3,216.66,3456.64,0.0555816
23100,23016.5,216.66,3402.95,0.0547183
23200,23115.8,216.66,3350.1,0.0538684
23300,23215.1,216.66,3298.06,0.0530317
23400,23314.4,216.66,3246.84,0.052208
23500,23413.6,216.66,3196.42,0.0513972
23600,23512.9,216.66,3146.77,0.050599
23700,23612.2,216.66,3097.9,0.0498132
23800,23711.4,216.66,3049.8,0.0490396
23900,23810.7,216.66,3002.44,0.0482781
24000,23909.9,216.66,2955.81,0.0475284
24100,24009.2,216.66,2909.92,0.0467904
24200,24108.4,216.66,2864.73,0.0460639
24300,24207.7,216.66,2820.25,0.0453486
24400,24306.9,216.66,2776.46,0.0446445
24500,24406.1,216.66,2733.36,0.0439514
24600,24505.4,216.66,2690.92,0.043269
24700,24604.6,216.66,2649.14,0.0425973
24800,24703.8,216.66,2608.02,0.041936
24900,24803.1,216.66,2567.53,0.0412849
25000,24902.3,216.66,2527.67,0.0406441
25100,25001.5,216.66,2488.43,0.0400131
25200,25100.7,216.962,2449.83,0.0393375
25300,25199.9,217.26,2411.88,0.0386751
25400,25299.1,217.557,2374.57,0.0380248
25500,25398.3,217.855,2337.89,0.0373862
25600,25497.5,218.153,2301.83,0.0367593
25700,25596.7,218.45,2266.37,0.0361437
25800,25695.9,218.748,2231.51,0.0355393
25900,25795.1,219.045,2197.23,0.0349458
26000,25894.3,219.343,2163.52,0.0343631
26100,25993.5,219.641,2130.38,0.0337908
26200,26092.7,219.938,2097.78,0.0332288
26300,26191.9,220.236,2065.74,0.032677
26400,26291.1,220.533,2034.22,0.032135
26500,26390.2,220.831,2003.23,0.0316028
26600,26489.4,221.128,1972.75,0.0310801
26700,26588.6,221.426,1942.77,0.0305667
26800,26687.7,221.723,1913.29,0.0300625
26900,26786.9,222.021,1884.3,0.0295673
27000,26886.1,222.318,1855.79,0.0290809
27100,26985.2,222.616,1827.75,0.0286032
27200,27084.4,222.913,1800.16,0.028134
27300,27183.5,223.211,1773.03,0.027673
27400,27282.7,223.508,1746.35,0.0272203
27500,27381.8,223.805,1720.1,0.0267755
27600,27480.9,224.103,1694.28,0.0263386
27700,27580.1,224.4,1668.89,0.0259094
27800,27679.2,224.698,1643.9,0.0254878
27900,27778.4,224.995,1619.33,0.0250736
28000,27877.5,225.292,1595.15,0.0246667
28100,27976.6,225.59,1571.37,0.0242669
28200,28075.7,225.887,1547.98,0.0238741
28300,28174.8,226.185,1524.96,0.0234882
28400,28274,226.482,1502.31,0.023109
28500,28373.1,226.779,1480.03,0.0227365
28600,28472.2,227.077,1458.12,0.0223704
28700,28571.3,227.374,1436.55,0.0220107
28800,28670.4,227.671,1415.33,0.0216573
28900,28769.5,227.968,1394.45,0.02131
29000,28868.6,228.266,1373.91,0.0209687
29100,28967.7,228.563,1353.7,0.0206334
29200,29066.8,228.86,1333.81,0.0203038
29300,29165.9,229.158,1314.24,0.0199799
29400,29265,229.455,1294.98,0.0196617
29500,29364,229.752,1276.03,0.0193489
29600,29463.1,230.049,1257.38,0.0190414
29700,29562.2,230.347,1239.03,0.0187393
29800,29661.3,230.644,1220.96,0.0184423
29900,29760.3,230.941,1203.19,0.0181505
30000,29859.4,231.238,1185.7,0.0178636
30100,29958.5,231.535,1168.48,0.0175816
30200,30057.5,231.833,1151.54,0.0173045
30300,30156.6,232.13,1134.86,0.017032
30400,30255.6,232.427,1118.45,0.0167642
30500,30354.7,232.724,1102.29,0.016501
30600,30453.7,233.021,1086.39,0.0162422
30700,30552.8,233.318,1070.74,0.0159878
30800,30651.8,233.615,1055.33,0.0157377
30900,30750.9,233.913,1040.17,0.0154919
31000,30849.9,234.21,1025.24,0.0152502
31100,30948.9,234.507,1010.55,0.0150126
31200,31048,234.804,996.081,0.014779
31300,31147,235.101,981.842,0.0145493
31400,31246,235.398,967.824,0.0143235
31500,31345,235.695,954.023,0.0141014
31600,31444,235.992,940.437,0.0138831
31700,31543.1,236.289,927.062,0.0136685
31800,31642.1,236.586,913.894,0.0134574
31900,31741.1,236.883,900.929,0.0132498
32000,31840.1,237.18,888.164,0.0130458
32100,31939.1,237.477,875.597,0.0128451
32200,32038.1,237.774,863.223,0.0126477
32300,32137.1,238.071,851.039,0.0124537
32400,32236.1,238.368,839.043,0.0122628
32500,32335.1,238.665,827.23,0.0120751
32600,32434,238.962,815.599,0.0118906
32700,32533,239.259,804.146,0.011709
32800,32632,239.556,792.868,0.0115305
32900,32731,239.853,781.762,0.0113549
33000,32830,240.15,770.825,0.0111822
33100,32928.9,240.447,760.055,0.0110124
33200,33027.9,240.744,749.449,0.0108453
33300,33126.9,241.041,739.004,0.010681
33400,33225.8,241.337,728.717,0.0105193
33500,33324.8,241.634,718.586,0.0103604
33600,33423.7,241.931,708.609,0.010204
33700,33522.7,242.228,698.782,0.0100501
33800,33621.6,242.525,689.104,0.00989881
33900,33720.6,242.822,679.572,0.00974995
34000,33819.5,243.119,670.183,0.00960351
34100,33918.5,243.415,660.936,0.00945945
34200,34017.4,243.712,651.827,0.00931772
34300,34116.3,244.009,642.855,0.00917829
34400,34215.3,244.306,634.018,0.00904112
34500,34314.2,244.603,625.312,0.00890616
34600,34413.1,244.899,616.737,0.00877339
34700,34512,245.196,608.29,0.00864275
34800,34610.9,245.493,599.969,0.00851422
34900,34709.9,245.79,591.772,0.00838775
35000,34808.8,246.086,583.697,0.00826332
35100,34907.7,246.383,575.741,0.00814088
35200,35006.6,246.68,567.904,0.0080204
35300,35105.5,246.976,560.183,0.00790185
35400,35204.4,247.273,552.576,0.0077852
35500,35303.3,247.57,545.082,0.00767041
35600,35402.2,247.867,537.698,0.00755745
35700,35501.1,248.163,530.424,0.00744629
35800,35600,248.46,523.256,0.0073369
35900,35698.8,248.757,516.194,0.00722925
36000,35797.7,249.053,509.236,0.0071233
36100,35896.6,249.35,502.379,0.00701903
36200,35995.5,249.646,495.624,0.00691642
36300,36094.3,249.943,488.967,0.00681542
36400,36193.2,250.24,482.407,0.00671603
36500,36292.1,250.536,475.944,0.0066182
36600,36390.9,250.833,469.574,0.00652191
36700,36489.8,251.129,463.298,0.00642713
36800,36588.7,251.426,457.113,0.00633385
36900,36687.5,251.723,451.017,0.00624203
37000,36786.4,252.019,445.01,0.00615165
37100,36885.2,252.316,439.091,0.00606268
37200,36984.1,252.612,433.257,0.00597511
37300,37082.9,252.909,427.507,0.0058889
37400,37181.7,253.205,421.841,0.00580404
37500,37280.6,253.502,416.256,0.0057205
37600,37379.4,253.798,410.752,0.00563827
37700,37478.2,254.095,405.327,0.00555731
37800,37577.1,254.391,399.98,0.00547761
37900,37675.9,254.688,394.71,0.00539914
38000,37774.7,254.984,389.515,0.00532189
38100,37873.5,255.281,384.395,0.00524584
38200,37972.3,255.577,379.349,0.00517096
38300,38071.1,255.873,374.374,0.00509724
38400,38169.9,256.17,369.47,0.00502466
38500,38268.7,256.466,364.637,0.00495319
38600,38367.5,256.763,359.872,0.00488282
38700,38466.3,257.059,355.175,0.00481353
38800,38565.1,257.355,350.545,0.00474531
38900,38663.9,257.652,345.98,0.00467813
39000,38762.7,257.948,341.48,0.00461199
39100,38861.5,258.244,337.044,0.00454685
39200,38960.3,258.541,332.671,0.00448271
39300,39059.1,258.837,328.359,0.00441954
39400,39157.8,259.134,324.109,0.00435734
39500,39256.6,259.43,319.918,0.00429609
39600,39355.4,259.726,315.786,0.00423577
39700,39454.1,260.022,311.713,0.00417636
39800,39552.9,260.319,307.696,0.00411786
39900,39651.7,260.615,303.736,0.00406024
40000,39750.4,260.911,299.832,0.00400349
40100,39849.2,261.208,295.982,0.0039476
40200,39947.9,261.504,292.186,0.00389256
40300,40046.7,261.8,288.443,0.00383835
40400,40145.4,262.096,284.752,0.00378495
40500,40244.2,262.393,281.112,0.00373235
40600,40342.9,262.689,277.524,0.00368055
40700,40441.6,262.985,273.985,0.00362953
40800,40540.4,263.281,270.495,0.00357927
40900,40639.1,263.577,267.054,0.00352976
41000,40737.8,263.874,263.66,0.00348099
41100,40836.6,264.17,260.313,0.00343295
41200,40935.3,264.466,257.013,0.00338563
41300,41034,264.762,253.758,0.00333902
41400,41132.7,265.058,250.548,0.0032931
41500,41231.4,265.354,247.382,0.00324786
41600,41330.1,265.65,244.26,0.00320329
41700,41428.8,265.947,241.181,0.00315939
41800,41527.5,266.243,238.144,0.00311614
41900,41626.2,266.539,235.149,0.00307352
42000,41724.9,266.835,232.194,0.00303154
42100,41823.6,267.131,229.28,0.00299018
42200,41922.3,267.427,226.406,0.00294943
42300,42021,267.723,223.571,0.00290928
42400,42119.7,268.019,220.775,0.00286972
42500,42218.4,268.315,218.017,0.00283074
42600,42317,268.611,215.297,0.00279234
42700,42415.7,268.907,212.613,0.0027545
42800,42514.4,269.203,209.966,0.00271721
42900,42613.1,269.499,207.355,0.00268047
43000,42711.7,269.795,204.779,0.00264427
43100,42810.4,270.091,202.238,0.00260859
43200,42909,270.387,199.731,0.00257344
43300,43007.7,270.683,197.258,0.0025388
43400,43106.4,270.979,194.819,0.00250466
43500,43205,271.275,192.412,0.00247102
43600,43303.7,271.571,190.038,0.00243787
43700,43402.3,271.867,187.695,0.0024052
43800,43500.9,272.163,185.384,0.00237301
43900,43599.6,272.459,183.104,0.00234128
44000,43698.2,272.755,180.855,0.00231
44100,43796.8,273.051,178.636,0.00227919
44200,43895.5,273.346,176.446,0.00224881
44300,43994.1,273.642,174.286,0.00221887
44400,44092.7,273.938,172.154,0.00218937
44500,44191.3,274.234,170.051,0.00216029
44600,44289.9,274.53,167.975,0.00213163
44700,44388.6,274.826,165.928,0.00210337
44800,44487.2,275.122,163.907,0.00207553
44900,44585.8,275.417,161.914,0.00204808
45000,44684.4,275.713,159.946,0.00202103
45100,44783,276.009,158.005,0.00199436
45200,44881.6,276.305,156.09,0.00196807
45300,44980.2,276.601,154.199,0.00194216
45400,45078.8,276.896,152.334,0.00191661
45500,45177.4,277.192,150.493,0.00189143
45600,45275.9,277.488,148.677,0.00186661
45700,45374.5,277.784,146.884,0.00184214
45800,45473.1,278.079,145.115,0.00181802
45900,45571.7,278.375,143.369,0.00179424
46000,45670.3,278.671,141.646,0.00177079
46100,45768.8,278.966,139.946,0.00174768
46200,45867.4,279.262,138.268,0.00172489
46300,45966,279.558,136.611,0.00170243
46400,46064.5,279.854,134.977,0.00168028
46500,46163.1,280.149,133.363,0.00165844
46600,46261.6,280.445,131.771,0.00163691
46700,46360.2,280.741,130.199,0.00161569
46800,46458.7,281.036,128.648,0.00159476
46900,46557.3,281.332,127.117,0.00157412
47000,46655.8,281.627,125.605,0.00155377
47100,46754.4,281.923,124.114,0.00153371
47200,46852.9,282.219,122.641,0.00151393
47300,46951.4,282.514,121.188,0.00149442
47400,47050,282.66,119.753,0.00147597
47500,47148.5,282.66,118.335,0.0014585
47600,47247,282.66,116.934,0.00144124
47700,47345.5,282.66,115.55,0.00142418
47800,47444,282.66,114.183,0.00140732
47900,47542.6,282.66,112.831,0.00139066
48000,47641.1,282.66,111.496,0.0013742
48100,47739.6,282.66,110.176,0.00135794
48200,47838.1,282.66,108.872,0.00134187
48300,47936.6,282.66,107.584,0.00132599
48400,48035.1,282.66,106.31,0.00131029
48500,48133.6,282.66,105.052,0.00129479
48600,48232.1,282.66,103.809,0.00127947
48700,48330.6,282.66,102.581,0.00126432
48800,48429,282.66,101.367,0.00124936
48900,48527.5,282.66,100.168,0.00123458
49000,48626,282.66,98.9824,0.00121997
49100,48724.5,282.66,97.8113,0.00120554
49200,48823,282.66,96.654,0.00119128
49300,48921.4,282.66,95.5105,0.00117718
49400,49019.9,282.66,94.3805,0.00116325
49500,49118.4,282.66,93.264,0.00114949
49600,49216.8,282.66,92.1607,0.00113589
49700,49315.3,282.66,91.0705,0.00112246
49800,49413.7,282.66,89.9932,0.00110918
49900,49512.2,282.66,88.9286,0.00109606
50000,49610.7,282.66,87.8767,0.00108309
50100,49709.1,282.66,86.8373,0.00107028
50200,49807.5,282.66,85.8102,0.00105762
50300,49906,282.66,84.7953,0.00104512
50400,50004.4,282.66,83.7924,0.00103275
50500,50102.9,282.66,82.8015,0.00102054
50600,50201.3,282.66,81.8222,0.00100847
50700,50299.7,282.66,80.8546,0.000996546
50800,50398.1,282.66,79.8985,0.000984761
50900,50496.6,282.66,78.9536,0.000973116
51000,50595,282.66,78.02,0.000961609
51100,50693.4,282.66,77.0975,0.000950238
51200,50791.8,282.66,76.1859,0.000939003
51300,50890.2,282.66,75.2851,0.0009279
51400,50988.6,282.66,74.3949,0.000916929
51500,51087,282.66,73.5154,0.000906088
51600,51185.4,282.66,72.6462,0.000895376
51700,51283.8,282.66,71.7874,0.000884791
51800,51382.2,282.66,70.9387,0.000874331
51900,51480.6,282.66,70.1001,0.000863995
52000,51579,282.66,69.2714,0.000853781
52100,51677.4,282.66,68.4526,0.000843689
52200,51775.8,282.66,67.6435,0.000833716
52300,51874.2,282.66,66.8439,0.000823862
52400,51972.5,282.66,66.0538,0.000814124
52500,52070.9,282.66,65.2731,0.000804501
52600,52169.3,282.66,64.5017,0.000794993
52700,52267.6,282.66,63.7393,0.000785597
52800,52366,282.66,62.9861,0.000776313
52900,52464.4,282.66,62.2417,0.000767138
53000,52562.7,282.66,61.5062,0.000758073
53100,52661.1,282.66,60.7793,0.000749115
53200,52759.4,282.66,60.0611,0.000740262
53300,52857.8,282.66,59.3514,0.000731515
53400,52956.1,282.66,58.6501,0.000722872
53500,53054.5,282.415,57.9542,0.000714914
53600,53152.8,281.972,57.2683,0.000707562
53700,53251.2,281.53,56.5895,0.000700274
53800,53349.5,281.087,55.9177,0.000693051
53900,53447.8,280.645,55.2529,0.000685891
54000,53546.1,280.202,54.595,0.000678794
54100,53644.5,279.76,53.9439,0.000671759
54200,53742.8,279.317,53.2996,0.000664787
54300,53841.1,278.875,52.662,0.000657876
54400,53939.4,278.433,52.031,0.000651027
54500,54037.7,277.99,51.4067,0.000644238
54600,54136,277.548,50.7888,0.00063751
54700,54234.4,277.105,50.1775,0.000630842
54800,54332.7,276.663,49.5726,0.000624233
54900,54431,276.221,48.974,0.000617683
55000,54529.3,275.778,48.3817,0.000611192
55100,54627.6,275.336,47.7957,0.000604759
55200,54725.8,274.894,47.2159,0.000598384
55300,54824.1,274.451,46.6422,0.000592066
55400,54922.4,274.009,46.0746,0.000585805
55500,55020.7,273.567,45.513,0.0005796
55600,55119,273.125,44.9574,0.000573451
55700,55217.2,272.682,44.4077,0.000567358
55800,55315.5,272.24,43.8638,0.000561321
55900,55413.8,271.798,43.3258,0.000555337
56000,55512.1,271.356,42.7935,0.000549409
56100,55610.3,270.914,42.2669,0.000543534
56200,55708.6,270.471,41.746,0.000537713
56300,55806.8,270.029,41.2307,0.000531945
56400,55905.1,269.587,40.7209,0.00052623
56500,56003.3,269.145,40.2166,0.000520567
56600,56101.6,268.703,39.7178,0.000514956
56700,56199.8,268.261,39.2244,0.000509396
56800,56298.1,267.819,38.7363,0.000503888
56900,56396.3,267.377,38.2535,0.000498431
57000,56494.6,266.935,37.776,0.000493023
57100,56592.8,266.492,37.3036,0.000487666
57200,56691,266.05,36.8364,0.000482359
57300,56789.2,265.608,36.3743,0.000477101
57400,56887.5,265.166,35.9173,0.000471891
57500,56985.7,264.724,35.4653,0.000466731
57600,57083.9,264.282,35.0182,0.000461618
57700,57182.1,263.84,34.5761,0.000456553
57800,57280.3,263.399,34.1388,0.000451535
57900,57378.5,262.957,33.7063,0.000446565
58000,57476.7,262.515,33.2787,0.000441641
58100,57574.9,262.073,32.8557,0.000436763
58200,57673.1,261.631,32.4375,0.000431931
58300,57771.3,261.189,32.0239,0.000427145
58400,57869.5,260.747,31.6148,0.000422404
58500,57967.7,260.305,31.2104,0.000417708
58600,58065.9,259.863,30.8104,0.000413056
58700,58164.1,259.422,30.415,0.000408449
58800,58262.3,258.98,30.0239,0.000403885
58900,58360.5,258.538,29.6372,0.000399365
59000,58458.6,258.096,29.2549,0.000394888
59100,58556.8,257.654,28.8769,0.000390454
59200,58655,257.213,28.5032,0.000386062
59300,58753.1,256.771,28.1336,0.000381713
59400,58851.3,256.329,27.7682,0.000377405
59500,58949.5,255.887,27.407,0.000373138
59600,59047.6,255.446,27.0499,0.000368913
59700,59145.8,255.004,26.6968,0.000364728
59800,59243.9,254.562,26.3478,0.000360584
59900,59342.1,254.121,26.0027,0.00035648
60000,59440.2,253.679,25.6616,0.000352416
60100,59538.4,253.237,25.3244,0.000348391
60200,59636.5,252.796,24.991,0.000344406
60300,59734.6,252.354,24.6615,0.000340459
60400,59832.8,251.913,24.3357,0.000336551
60500,59930.9,251.471,24.0137,0.000332682
60600,60029,251.029,23.6955,0.00032885
60700,60127.1,250.588,23.3809,0.000325055
60800,60225.3,250.146,23.0699,0.000321298
60900,60323.4,249.705,22.7626,0.000317579
61000,60421.5,249.263,22.4588,0.000313895
61100,60519.6,248.822,22.1586,0.000310249
61200,60617.7,248.38,21.8618,0.000306638
61300,60715.8,247.939,21.5685,0.000303063
61400,60813.9,247.497,21.2787,0.000299524
61500,60912,247.056,20.9923,0.00029602
61600,61010.1,246.615,20.7092,0.00029255
61700,61108.2,246.173,20.4294,0.000289116
61800,61206.3,245.732,20.153,0.000285716
61900,61304.4,245.29,19.8798,0.00028235
62000,61402.5,244.849,19.6098,0.000279018
62100,61500.5,244.408,19.343,0.000275719
62200,61598.6,243.966,19.0794,0.000272453
62300,61696.7,243.525,18.819,0.000269221
62400,61794.8,243.084,18.5616,0.000266021
62500,61892.8,242.642,18.3073,0.000262854
62600,61990.9,242.201,18.056,0.000259718
62700,62089,241.76,17.8078,0.000256615
62800,62187,241.318,17.5625,0.000253543
62900,62285.1,240.877,17.3202,0.000250503
63000,62383.1,240.436,17.0807,0.000247494
63100,62481.2,239.995,16.8442,0.000244515
63200,62579.2,239.554,16.6105,0.000241567
63300,62677.3,239.112,16.3797,0.000238649
63400,62775.3,238.671,16.1516,0.000235762
63500,62873.3,238.23,15.9264,0.000232904
63600,62971.4,237.789,15.7038,0.000230076
63700,63069.4,237.348,15.484,0.000227277
63800,63167.4,236.907,15.2668,0.000224507
63900,63265.5,236.465,15.0524,0.000221765
64000,63363.5,236.024,14.8405,0.000219053
64100,63461.5,235.583,14.6312,0.000216368
64200,63559.5,235.142,14.4245,0.000213712
64300,63657.5,234.701,14.2204,0.000211083
64400,63755.5,234.26,14.0188,0.000208482
64500,63853.5,233.819,13.8197,0.000205908
64600,63951.6,233.378,13.623,0.000203362
64700,64049.6,232.937,13.4288,0.000200842
64800,64147.5,232.496,13.237,0.000198349
64900,64245.5,232.055,13.0475,0.000195882
65000,64343.5,231.614,12.8605,0.000193441
